{"fleet_times": [[1.3046460151672363, 0.5933220386505127, 5.0560901165008545, 0.6020381450653076, 0.5981760025024414, 0.5974597930908203, 0.5994651317596436, 0.5971779823303223, 0.5982320308685303, 0.5958538055419922, 0.5921790599822998, 0.5736329555511475]], "result": [0, 72000000.0], "iteration_times": [13.702517986297607]}