{"fleet_times": [[1.1234328746795654, 5.049369812011719, 5.048997163772583, 5.068422079086304, 5.043608903884888, 5.047698020935059, 5.053400993347168, 5.073846101760864, 5.04432487487793, 5.052596092224121, 5.063056945800781, 5.062820911407471]], "result": [0, 1125000.0], "iteration_times": [63.738296031951904]}