{"fleet_times": [[5.069009065628052, 5.059385061264038, 5.063869953155518, 5.0699498653411865, 5.07243800163269, 5.0506110191345215, 5.0560150146484375, 5.047209024429321, 5.055180072784424, 5.044042110443115, 5.053371906280518, 5.055149078369141]], "result": [0, 1125000.0], "iteration_times": [67.81848812103271]}