{"fleet_times": [[1.912564992904663, 0.6057140827178955, 0.5974271297454834, 0.6092031002044678, 5.058037042617798, 0.6038498878479004, 0.609015941619873, 5.0545830726623535, 0.5881319046020508, 0.5882618427276611, 0.5991349220275879, 0.5975198745727539], [0.6042048931121826, 0.5920829772949219, 0.6018061637878418, 0.6069798469543457, 0.6181800365447998, 0.6015450954437256, 5.0667431354522705, 0.6079959869384766, 0.5972268581390381, 0.6189699172973633, 0.6163251399993896, 0.6044089794158936], [0.6135599613189697, 5.071181058883667, 0.5904860496520996, 0.5907959938049316, 5.060683012008667, 0.711022138595581, 0.5989840030670166, 5.050621032714844, 5.047454118728638, 5.061769962310791, 0.5999691486358643, 0.5904409885406494], [0.5925140380859375, 0.5917398929595947, 0.5941569805145264, 0.5922119617462158, 0.5904660224914551, 0.5987401008605957, 0.6017711162567139, 0.596045970916748, 0.6008667945861816, 0.6012599468231201, 0.5946559906005859, 0.6936748027801514], [0.589709997177124, 0.594628095626831, 0.5996060371398926, 0.6211390495300293, 0.5976810455322266, 0.595587968826294, 0.613339900970459, 0.6097238063812256, 0.6289119720458984, 0.6140520572662354, 0.6089470386505127, 0.5989220142364502], [0.6041369438171387, 0.6020259857177734, 0.6078159809112549, 0.6894130706787109, 0.596560001373291, 0.6062281131744385, 0.5788660049438477, 0.591447114944458, 0.5913500785827637, 0.591094970703125, 0.5998339653015137, 0.60024094581604], [0.5935301780700684, 0.5955522060394287, 0.6059560775756836, 0.6116511821746826, 0.590458869934082, 0.5948469638824463, 0.5954210758209229, 0.609483003616333, 0.607529878616333, 0.6712360382080078, 0.6110210418701172, 0.6030449867248535], [0.6167678833007812, 0.6256539821624756, 0.6188371181488037, 0.6158740520477295, 0.6119940280914307, 0.6181290149688721, 0.5933170318603516, 0.6144380569458008, 0.6084470748901367, 0.6095430850982666, 0.618602991104126, 0.6192989349365234], [0.6131432056427002, 0.6890208721160889, 0.60396409034729, 0.6027767658233643, 0.6151201725006104, 0.599888801574707, 0.6122889518737793, 0.6183111667633057, 0.5993199348449707, 0.6024951934814453, 0.6148078441619873, 0.6113810539245605], [0.6067841053009033, 0.5995609760284424, 0.6035799980163574, 0.6268019676208496, 0.6079881191253662, 0.6080219745635986, 0.6060819625854492, 5.061774015426636, 0.604759931564331, 0.6081719398498535, 0.6103270053863525, 0.6206140518188477]], "result": [0, 27022579.10775], "iteration_times": [30.084342002868652, 24.26619291305542, 42.04097008705139, 19.856893062591553, 19.76389503479004, 19.74583101272583, 19.834155082702637, 19.87195897102356, 19.89392900466919, 24.300474166870117]}