{"fleet_times": [[1.8246819972991943, 0.5862259864807129, 0.6075170040130615, 0.6094129085540771, 0.6185460090637207, 0.6266970634460449, 0.6124849319458008, 0.605767011642456, 0.615753173828125, 0.6247060298919678, 0.6247811317443848, 0.6106200218200684]], "result": [0, 72000000.0], "iteration_times": [21.3993878364563]}